chrome-extension://lkfgbpagbmckmnjfdhackpohjdjhegpn/popup.html,false-positive,https://djshfdshfjdgfdsfs.com/
chrome-extension://lkfgbpagbmckmnjfdhackpohjdjhegpn/popup.html,false-positive,djshfdshfjdgfdsfs.com
chrome-extension://lkfgbpagbmckmnjfdhackpohjdjhegpn/popup.html,false-positive,djshfdshfjdgfdsfs.com
chrome-extension://lkfgbpagbmckmnjfdhackpohjdjhegpn/popup.html,false-positive,https://whgeadghaahjdgadad.com.io/
chrome-extension://lkfgbpagbmckmnjfdhackpohjdjhegpn/popup.html,false-positive,https://whgeadghaahjdgadad.com.io/
chrome-extension://lkfgbpagbmckmnjfdhackpohjdjhegpn/popup.html,false-positive,"<meta http-equiv=""Content-Security-Policy"" content=""script-src 'self' https://cdn.jsdelivr.net;"">
"
chrome-extension://lkfgbpagbmckmnjfdhackpohjdjhegpn/popup.html,false-positive,www.asgfdhjsgfdsfdsf.com
chrome-extension://lkfgbpagbmckmnjfdhackpohjdjhegpn/popup.html,false-positive,www.asgfdhjsgfdsfdsf.com
chrome-extension://lkfgbpagbmckmnjfdhackpohjdjhegpn/popup.html,false-positive,https://futemax.mn/
chrome-extension://lkfgbpagbmckmnjfdhackpohjdjhegpn/popup.html,false-positive,www.asgfdhjsgfdsfdsf.com
chrome-extension://lkfgbpagbmckmnjfdhackpohjdjhegpn/popup.html,false-positive,www.asgfdhjsgfdsfdsf.com
chrome-extension://lkfgbpagbmckmnjfdhackpohjdjhegpn/popup.html,false-positive,www.falsoteste.com
chrome-extension://lkfgbpagbmckmnjfdhackpohjdjhegpn/popup.html#,false-positive,dasdasdadsadaad.com
chrome-extension://lkfgbpagbmckmnjfdhackpohjdjhegpn/popup.html,false-positive,https://whgeadghaahjdgadad.com.io
chrome-extension://lkfgbpagbmckmnjfdhackpohjdjhegpn/popup.html,false-negative,https://whgeadghaahjdgadad.com.io
chrome-extension://ngmbplobhobgkidfihhlhdpgdipoeeje/popup.html#,false-positive,"https://asddgasdhd.br
"
